assembly_district,dpi_true_id,school_name,accurate_agency_type,grade_band,school_enrollment,rc_overall_score,rc_overall_rating,ela_proficiency,math_proficiency
84,3619_0316,Academy of Accelerated Learning,Traditional Public,'K-5,581,NA,Alternate Rating - Needs Improvement,33%,27%
8,0000_1652,Academy of Excellence,Private,'K-12,1271,53.6,Meets Few Expectations,2%,1%
9,3619_0162,ALBA - Academia de Lenguaje y Bellas Artes,Instrumentality Charter,'K-8,568,73.8,Exceeds Expectations,22%,16%
84,3619_0075,Alcott Elementary,Traditional Public,'K-8,248,68.1,Meets Expectations,23%,6%
8,3619_0073,Allen-Field Elementary,Traditional Public,'K-5,486,57.1,Meets Few Expectations,3%,2%
16,3619_0413,Alliance School of Milwaukee,Instrumentality Charter,'9-12,148,NA,Alternate Rating - Needs Improvement,5%,2%
10,3619_0215,Andrew S Douglas Middle,Traditional Public,'6-8,219,37.3,Fails to Meet Expectations,2%,1%
17,3619_1063,ASSATA High,Partnership,'9-12,95,NA,Alternate Rating - Needs Improvement,NA,NA
20,0000_1263,Atlas Preparatory Academy,Private,'K-12,494,NA,NR-DATA,4%,1%
17,0000_1301,Atonement Lutheran School,Private,'K-8,432,69.6,Meets Expectations,14%,7%
7,3619_0434,Audubon Technology and Communication High,Traditional Public,'9-12,385,55.5,Meets Few Expectations,7%,4%
7,3619_0041,Audubon Technology and Communication Middle,Traditional Public,'6-8,442,45.1,Fails to Meet Expectations,6%,4%
16,3619_0077,Auer Avenue Elementary,Traditional Public,'K-5,168,16.6,Fails to Meet Expectations,3%,2%
17,3619_0432,Banner Preparatory School of Milwaukee,Partnership,'9-12,32,NA,Alternate Rating - Satisfactory Progress,NA,NA
10,3619_0188,Barbee Elementary,Traditional Public,'K-5,312,52.8,Meets Few Expectations,2%,1%
11,3619_0081,Barton Elementary,Traditional Public,'K-5,228,NA,Alternate Rating - Satisfactory Progress,7%,2%
20,3619_0012,Bay View High,Traditional Public,'9-12,904,38.4,Fails to Meet Expectations,5%,1%
20,3619_0112,Bay View Montessori School,Traditional Public,'K-8,435,80.9,Exceeds Expectations,53%,37%
10,0000_1303,Believers in Christ Christian Academy,Private,'K-12,167,67.7,Meets Expectations,12%,7%
18,3619_0356,Bethune Academy,Traditional Public,'K-8,604,65.7,Meets Expectations,9%,5%
7,0000_1304,Blessed Sacrament Grade School,Private,'K-8,159,60.9,Meets Expectations,14%,13%
11,0000_1507,Blessed Savior Catholic School,Private,'K-8,417,69.4,Meets Expectations,7%,6%
8,3619_0014,Bradley Technology High,Traditional Public,'9-12,1035,46.9,Fails to Meet Expectations,4%,1%
16,3619_0089,Brown Street Academy,Traditional Public,'K-5,253,47.2,Fails to Meet Expectations,2%,1%
11,3619_0092,Browning Elementary,Traditional Public,'K-5,259,50.9,Meets Few Expectations,1%,3%
12,3619_0093,Bruce Elementary,Traditional Public,'K-5,267,29.8,Fails to Meet Expectations,7%,1%
8,8123_0100,Bruce Guadalupe,2r/2x Charter,'K-8,1421,74.6,Exceeds Expectations,26%,28%
12,3619_0094,Bryant Elementary,Traditional Public,'K-5,206,67,Meets Expectations,2%,1%
7,3619_0095,Burbank Elementary,Traditional Public,'K-8,511,55.2,Meets Few Expectations,11%,8%
20,3619_0098,Burdick Elementary,Traditional Public,'K-8,523,61.4,Meets Expectations,24%,14%
9,3619_0407,Carmen High School of Science and Technology South Campus,Non-Instrumentality Charter,'9-12,378,82.7,Exceeds Expectations,21%,14%
9,3619_0451,Carmen High School of Science and Technology Southeast Campus,Non-Instrumentality Charter,'9-12,785,45.9,Fails to Meet Expectations,8%,4%
9,8152_8152,Carmen Middle School South,Non-Instrumentality Charter,'NA,NA,NA,Alternate Rating - Satisfactory Progress,17%,8%
11,3619_0444,Carmen Middle/High School of Science and Technology Northwest Campus,Non-Instrumentality Charter,'6-12,675,58,Meets Expectations,9%,4%
17,3619_0108,Carson Academy,Traditional Public,'K-8,359,45.3,Fails to Meet Expectations,1%,NA
11,0000_1382,Carter's Christian Academy,Private,'K-12,313,33.7,Fails to Meet Expectations,1%,0%
16,3619_0178,Carver Academy,Traditional Public,'K-8,326,74.5,Exceeds Expectations,5%,5%
19,3619_0104,Cass Street Elementary,Traditional Public,'K-8,325,53.6,Meets Few Expectations,4%,4%
19,0000_0309,Catholic East Elementary,Private,'K-8,183,85.9,Significantly Exceeds Expectations,36%,31%
17,8105_1211,Central City Cyberschool,2r/2x Charter,'K-12,427,54.1,Meets Few Expectations,3%,3%
18,0000_1743,CERT School,Private,'9-12,9,NA,NR-DATA,NA,NA
8,0000_1305,Christ-St Peter Lutheran School,Private,'K-8,208,67.9,Meets Expectations,20%,15%
10,0000_1384,Christian Faith Academy of Higher Learning,Private,'K-8,61,NA,NR-DATA,0%,0%
12,0000_1776,City School,Private,'K-8,165,71.9,Exceeds Expectations,4%,3%
16,0000_1044,Clara Mohammed School,Private,'K-12,137,NA,NR-DATA,1%,1%
16,3619_0110,Clarke Street Elementary,Traditional Public,'K-8,225,64.1,Meets Expectations,3%,NA
18,3619_0114,Clemens Elementary,Traditional Public,'K-5,303,59.4,Meets Expectations,1%,2%
20,3619_0113,Clement Avenue Elementary,Traditional Public,'K-8,313,60.5,Meets Expectations,23%,11%
17,3619_0116,Congress Elementary,Traditional Public,'K-8,726,58.8,Meets Expectations,5%,2%
7,3619_0117,Cooper Elementary,Traditional Public,'K-8,459,75.8,Exceeds Expectations,43%,35%
17,3619_0501,Craig Montessori School,Traditional Public,'K-8,291,70.2,Exceeds Expectations,11%,3%
9,0000_1712,Cristo Rey Jesuit Milwaukee High,Private,'9-12,296,71.5,Exceeds Expectations,22%,21%
16,0000_1489,Cross Trainers Academy,Private,'K-12,383,65,Meets Expectations,5%,1%
9,3619_0122,Curtin Elementary,Traditional Public,'K-8,310,70.1,Exceeds Expectations,15%,7%
12,8109_0100,Darrell Lynn Hines Academy,2r/2x Charter,'K-8,199,60.4,Meets Expectations,8%,4%
11,0000_1491,Destiny High,Private,'9-12,NA,24.9,Fails to Meet Expectations,0%,0%
10,0000_1702,Divine Destiny School,Private,'K-8,52,66.4,Meets Expectations,0%,0%
12,0000_0510,Divine Savior Holy Angels High,Private,'9-12,112,83.5,Significantly Exceeds Expectations,32%,22%
9,3619_0125,Doerfler Elementary,Traditional Public,'K-8,509,64.1,Meets Expectations,7%,6%
19,8101_1056,Downtown Montessori,2r/2x Charter,'K-8,241,80.4,Exceeds Expectations,60%,45%
10,8127_0400,Dr Howard Fuller Collegiate Academy,2r/2x Charter,'9-12,325,49.7,Meets Few Expectations,3%,1%
11,0000_1158,Early View Academy of Excellence,Private,'K-12,163,48.2,Meets Few Expectations,1%,2%
11,0000_1218,Eastbrook Academy,Private,'K-12,301,71.2,Exceeds Expectations,36%,33%
17,3619_0143,Eighty-First Street Elementary,Traditional Public,'K-5,322,NA,Alternate Rating - Needs Improvement,11%,7%
16,3619_0148,Elm Creative Arts Elementary,Traditional Public,'K-5,259,50.4,Meets Few Expectations,3%,2%
12,3619_0150,Emerson Elementary,Traditional Public,'K-5,204,61.8,Meets Expectations,9%,2%
12,3619_0152,Engleburg Elementary,Traditional Public,'K-5,300,72.6,Exceeds Expectations,14%,16%
9,8131_0400,Escuela Verde,2r/2x Charter,'9-12,120,46.6,Fails to Meet Expectations,4%,1%
7,3619_0155,Fairview Elementary,Traditional Public,'K-8,602,77.6,Exceeds Expectations,30%,20%
20,3619_0158,Fernwood Montessori,Traditional Public,'K-8,758,77.9,Exceeds Expectations,45%,30%
17,3619_0170,Fifty-Third Street Elementary,Traditional Public,'K-8,331,53.7,Meets Few Expectations,2%,1%
8,3619_0173,Forest Home Elementary,Traditional Public,'K-5,597,63.3,Meets Expectations,11%,13%
16,3619_0179,Franklin Elementary,Traditional Public,'K-8,362,58.6,Meets Expectations,2%,2%
10,3619_0182,Fratney Elementary,Traditional Public,'K-5,448,55.4,Meets Few Expectations,16%,11%
19,3619_0185,Gaenslen Elementary,Traditional Public,'K-8,646,58.3,Meets Expectations,2%,0%
10,0000_0740,Garden Homes Lutheran School,Private,'K-8,93,78.9,Exceeds Expectations,20%,24%
20,3619_0191,Garland Elementary,Traditional Public,'K-8,530,NA,Alternate Rating - Needs Improvement,18%,16%
16,3619_0176,Golda Meir School,Traditional Public,'K-12,1160,78.1,Exceeds Expectations,46%,31%
12,3619_0192,Goodrich Elementary,Traditional Public,'K-5,301,30.7,Fails to Meet Expectations,4%,6%
8,3619_0410,Grandview High,Partnership,'9-12,220,13.5,Fails to Meet Expectations,NA,NA
9,3619_0193,Grant Elementary,Traditional Public,'K-8,532,52.3,Meets Few Expectations,13%,9%
16,3619_0115,Grant Gordon Learning Center,Traditional Public,'K-5,NA,NA,NA,NA,NA
11,3619_0196,Grantosa Drive Elementary,Traditional Public,'K-8,545,57.1,Meets Few Expectations,4%,3%
12,0000_1165,Granville Lutheran School,Private,'K-8,252,61.2,Meets Expectations,6%,16%
11,0000_1345,Greater Holy Temple Christian Academy,Private,'K-8,469,73.4,Exceeds Expectations,6%,0%
11,3619_0454,Green Tree Preparatory Academy,Instrumentality Charter,'6-12,363,29,Fails to Meet Expectations,4%,1%
9,3619_0202,Greenfield Bilingual,Traditional Public,'K-8,540,59.6,Meets Expectations,16%,10%
18,3619_0236,Groppi High,Traditional Public,'9-12,90,NA,Alternate Rating - Satisfactory Progress,NA,NA
84,3619_0018,Hamilton High,Traditional Public,'9-12,1360,55.5,Meets Few Expectations,4%,1%
11,3619_0205,Hampton Elementary,Traditional Public,'K-5,164,78.5,Exceeds Expectations,8%,14%
12,3619_0880,HAPA-Hmong American Peace Academy K3-12,Non-Instrumentality Charter,'K-12,1771,72.4,Exceeds Expectations,38%,30%
19,3619_0208,Hartford Avenue Elementary,Traditional Public,'K-8,431,50.3,Meets Few Expectations,5%,1%
18,3619_0211,Hawley Environmental School,Traditional Public,'K-5,283,51.9,Meets Few Expectations,4%,13%
11,3619_0212,Hawthorne Elementary,Traditional Public,'K-5,243,55.4,Meets Few Expectations,1%,3%
8,3619_0214,Hayes Bilingual School,Traditional Public,'K-8,647,68.4,Meets Expectations,11%,8%
18,3619_0217,Hi-Mount Elementary,Traditional Public,'K-8,168,57.7,Meets Few Expectations,4%,NA
16,3619_0852,Highland Community School,Non-Instrumentality Charter,'K-8,422,75.2,Exceeds Expectations,38%,20%
16,3619_0218,Holmes Elementary,Traditional Public,'K-8,256,54.1,Meets Few Expectations,1%,NA
11,0000_1180,Holy Redeemer Christian Academy,Private,'K-12,122,NA,NR-DATA,1%,0%
84,3619_0334,Honey Creek Elementary,Instrumentality Charter,'K-5,355,56.9,Meets Few Expectations,28%,23%
10,0000_1408,Hope Christian High,Private,'9-12,251,39.2,Fails to Meet Expectations,0%,0%
12,0000_1703,Hope Christian School: Caritas,Private,'K-8,557,70.9,Exceeds Expectations,5%,3%
11,0000_1729,Hope Christian School: Fidelis,Private,'K-8,547,62.9,Meets Expectations,6%,14%
10,0000_1439,Hope Christian School: Fortis,Private,'K-8,479,58.4,Meets Expectations,5%,3%
16,0000_1315,Hope Christian School: Prima,Private,'K-8,582,59.3,Meets Expectations,6%,3%
10,0000_1656,Hope Christian School: Semper,Private,'K-8,553,69.2,Meets Expectations,5%,8%
10,3619_0253,Hopkins Lloyd Community School,Traditional Public,'K-5,126,17.2,Fails to Meet Expectations,NA,3%
20,3619_0223,Humboldt Park Elementary,Traditional Public,'K-8,546,73.4,Exceeds Expectations,30%,18%
20,3619_0165,IDEAL Individualized Developmental Educational Approaches to Learning,Instrumentality Charter,'K-8,229,73.2,Exceeds Expectations,24%,20%
12,0000_1527,Inst of Technology & Academics,Private,'K-8,179,NA,NR-DATA,3%,3%
16,3619_0377,Jackson Elementary,Traditional Public,'K-5,245,45.8,Fails to Meet Expectations,1%,NA
12,3619_0409,James Madison Academic Campus,Traditional Public,'9-12,648,37.9,Fails to Meet Expectations,2%,0%
18,0000_1684,Jo's Learning Academy,Private,'K-5,46,NA,NR-DATA,NA,NA
8,3619_0232,Kagel Elementary,Traditional Public,'K-5,211,71.2,Exceeds Expectations,5%,1%
10,3619_0235,Keefe Avenue Elementary,Traditional Public,'K-5,163,18.8,Fails to Meet Expectations,3%,NA
11,3619_0237,Kilbourn Elementary,Traditional Public,'K-5,231,73.2,Exceeds Expectations,10%,17%
11,0000_1221,King's Academy Christian Sch,Private,'K-8,187,78.4,Exceeds Expectations,13%,4%
10,3619_0020,King International,Traditional Public,'9-12,1334,66.3,Meets Expectations,28%,16%
16,3619_0210,King International Baccalaureate Middle,Traditional Public,'6-8,328,48.5,Meets Few Expectations,4%,2%
10,3619_0199,King Jr Elementary,Traditional Public,'K-8,300,70.9,Exceeds Expectations,1%,1%
11,3619_0337,Kluge Elementary,Traditional Public,'K-5,342,53.7,Meets Few Expectations,4%,2%
8,3619_1121,La Causa Charter School,Non-Instrumentality Charter,'K-8,668,51.2,Meets Few Expectations,3%,3%
9,3619_0296,Lad Lake Synergy School,Partnership,'6-12,24,NA,Alternate Rating - Needs Improvement,NA,NA
10,3619_0238,LaFollette Elementary,Traditional Public,'K-8,185,65.7,Meets Expectations,1%,NA
11,3619_0241,Lancaster Elementary,Traditional Public,'K-8,296,44.8,Fails to Meet Expectations,1%,1%
8,3619_0250,Lincoln Avenue Elementary,Traditional Public,'K-5,435,57.1,Meets Few Expectations,5%,5%
19,3619_0006,Lincoln Middle,Traditional Public,'6-8,397,55.3,Meets Few Expectations,4%,1%
8,3619_0256,Longfellow Elementary,Traditional Public,'K-8,739,67.2,Meets Expectations,11%,5%
9,3619_0257,Lowell International Elementary,Traditional Public,'K-5,208,46.8,Fails to Meet Expectations,18%,19%
7,3619_0870,MacDowell Montessori School K3-12,Traditional Public,'K-12,866,62.1,Meets Expectations,18%,12%
10,0000_1374,Malaika Early Learning Center,Private,'K-5,77,NA,NR-DATA,0%,0%
9,3619_0265,Manitoba Elementary,Traditional Public,'K-8,446,57,Meets Few Expectations,7%,3%
12,3619_0267,Maple Tree Elementary,Traditional Public,'K-5,247,65,Meets Expectations,4%,3%
18,0000_1770,Marquette University High,Private,'9-12,97,79.6,Exceeds Expectations,58%,66%
17,3619_0008,Marshall High,Traditional Public,'9-12,1010,15.3,Fails to Meet Expectations,0%,NA
19,3619_0268,Maryland Montessori,Traditional Public,'K-8,482,83,Significantly Exceeds Expectations,55%,38%
10,0000_1606,Messmer Catholic Schools,Private,'K-12,1268,65.2,Meets Expectations,9%,5%
16,3619_0525,Metcalfe Elementary,Traditional Public,'K-8,326,60.4,Meets Expectations,1%,1%
18,3619_0103,Milwaukee Academy of Chinese Language,Traditional Public,'K-8,481,66.4,Meets Expectations,4%,3%
18,8106_1251,Milwaukee Academy of Science,2r/2x Charter,'K-12,1349,59.8,Meets Expectations,5%,6%
18,3619_0123,Milwaukee College Preparatory School -- 36th Street Campus,Non-Instrumentality Charter,'K-8,494,72.4,Exceeds Expectations,28%,32%
18,3619_0111,Milwaukee College Preparatory School -- 38th Street,Non-Instrumentality Charter,'K-8,499,70.7,Exceeds Expectations,18%,21%
16,3619_0145,Milwaukee College Preparatory School -- Lloyd Street,Non-Instrumentality Charter,'K-8,491,66.1,Meets Expectations,26%,17%
16,3619_0121,Milwaukee College Preparatory School: Lola Rowe North Campus,Non-Instrumentality Charter,'K-8,502,70.9,Exceeds Expectations,19%,18%
16,3619_0315,Milwaukee County Youth Education Center,Traditional Public,'6-12,9,NA,Alternate Rating - Needs Improvement,NA,NA
17,3619_0118,Milwaukee Environmental Science Academy,Non-Instrumentality Charter,'K-8,333,66.9,Meets Expectations,6%,1%
11,3619_0885,Milwaukee Excellence Charter School,Non-Instrumentality Charter,'6-12,591,55,Meets Few Expectations,3%,4%
17,3619_0140,Milwaukee French Immersion,Traditional Public,'K-5,533,66.9,Meets Expectations,31%,25%
17,3619_0146,Milwaukee German Immersion,Traditional Public,'K-5,551,75.5,Exceeds Expectations,42%,44%
18,3619_0038,Milwaukee High School of the Arts,Traditional Public,'9-12,993,54.8,Meets Few Expectations,13%,4%
12,0000_1870,Milwaukee Lutheran High,Private,'9-12,784,61.1,Meets Expectations,10%,8%
10,8128_0800,Milwaukee Math and Science Academy,2r/2x Charter,'K-8,201,69.4,Meets Expectations,13%,6%
20,3619_0362,Milwaukee Parkside School,Traditional Public,'K-8,811,78.7,Exceeds Expectations,22%,15%
11,8129_0100,Milwaukee Scholars Charter School,2r/2x Charter,'K-8,717,73,Exceeds Expectations,14%,14%
17,3619_0071,Milwaukee School of Languages,Traditional Public,'6-12,993,57.2,Meets Few Expectations,29%,10%
12,0000_1873,Milwaukee Seventh Day Adventist School,Private,'K-12,174,62.5,Meets Expectations,7%,3%
11,3619_0226,Milwaukee Sign Language Elementary,Traditional Public,'K-8,436,62.8,Meets Expectations,4%,1%
7,3619_0167,Milwaukee Spanish Immersion,Traditional Public,'K-5,717,54.1,Meets Few Expectations,16%,19%
8,3619_0274,Mitchell Elementary,Traditional Public,'K-8,586,63.7,Meets Expectations,5%,6%
9,3619_0277,Morgandale Elementary,Traditional Public,'K-8,510,64.4,Meets Expectations,10%,8%
11,3619_0052,Morse Mid,Traditional Public,'6-8,462,37.6,Fails to Meet Expectations,6%,2%
17,0000_1910,Mother of Good Counsel Grade School,Private,'K-8,194,84.8,Significantly Exceeds Expectations,27%,12%
17,0000_1930,Mount Calvary Lutheran Grade School,Private,'K-8,117,44.7,Fails to Meet Expectations,11%,5%
17,0000_1980,Mount Lebanon Lutheran School,Private,'K-8,202,88.8,Significantly Exceeds Expectations,28%,28%
18,0000_1990,Mount Olive Lutheran Grade School,Private,'K-8,138,62.9,Meets Expectations,26%,23%
9,0000_1996,Nativity Jesuit Academy,Private,'K-8,247,95.2,Significantly Exceeds Expectations,36%,47%
18,3619_0283,Neeskara Elementary,Traditional Public,'K-5,307,62,Meets Expectations,5%,2%
12,0000_1327,New Testament Christian Academy,Private,'K-8,127,69.2,Meets Expectations,49%,22%
16,3619_1141,Next Door Charter,Non-Instrumentality Charter,'K-5,NA,NA,NA,NA,NA
12,3619_0289,Ninety-Fifth Street Elementary,Traditional Public,'K-5,403,51.3,Meets Few Expectations,11%,14%
16,3619_0419,North Division High,Traditional Public,'9-12,381,10.7,Fails to Meet Expectations,NA,0%
11,0000_1575,Northwest Catholic,Private,'K-8,160,67.2,Meets Expectations,14%,10%
17,0000_2030,Northwest Lutheran Grade School,Private,'K-8,238,73.8,Exceeds Expectations,16%,14%
8,0000_1095,Notre Dame School of Milwaukee,Private,'K-8,439,74.3,Exceeds Expectations,24%,40%
16,3619_1072,NOVA-Northwest Opportunities Vocational Academy,Partnership,'9-12,112,NA,Alternate Rating - Satisfactory Progress,NA,NA
11,3619_0840,Obama School of Career and Technical Education,Traditional Public,'K-12,1965,26.6,Fails to Meet Expectations,1%,0%
9,0000_2240,Our Lady Queen of Peace Grade School,Private,'K-8,172,74.5,Exceeds Expectations,27%,20%
12,3619_0301,Parkview Elementary,Traditional Public,'K-5,316,62.9,Meets Expectations,10%,8%
16,8139_8139,Pathways High,2r/2x Charter,'9-12,147,69.7,Meets Expectations,28%,10%
16,8138_8138,Penfield Montessori Academy,2r/2x Charter,'K-5,132,NA,Alternate Rating - Satisfactory Progress,16%,4%
7,0000_2300,Pius XI Catholic High,Private,'9-12,471,66.7,Meets Expectations,38%,20%
11,3619_0325,Pratt Elementary,Traditional Public,'K-5,300,79.4,Exceeds Expectations,6%,8%
9,0000_1205,Prince of Peace School Escuela Principe de Paz,Private,'K-8,363,83.3,Significantly Exceeds Expectations,28%,12%
16,3619_0458,Project STAY-Supporting Teachers and Youth,Traditional Public,'9-12,112,NA,Alternate Rating - Satisfactory Progress,2%,NA
9,3619_0026,Pulaski High,Traditional Public,'9-12,923,41.8,Fails to Meet Expectations,2%,1%
7,3619_0435,Reagan College Preparatory High,Traditional Public,'9-12,1344,81.9,Exceeds Expectations,61%,39%
12,0000_1530,Right Step Inc,Private,'6-12,NA,NA,NR-DATA,NA,NA
8,3619_0313,Riley Dual Language Montessori School,Traditional Public,'K-5,311,58.4,Meets Expectations,9%,5%
12,0000_1351,Risen Savior Evangelical Lutheran School,Private,'K-8,273,89.5,Significantly Exceeds Expectations,23%,19%
12,3619_0194,River Trail Elementary,Traditional Public,'K-8,292,69.2,Meets Expectations,8%,1%
19,3619_0029,Riverside High,Traditional Public,'9-12,1323,51.1,Meets Few Expectations,5%,4%
16,3619_0307,Riverwest Elementary,Traditional Public,'K-5,263,54.6,Meets Few Expectations,3%,3%
9,8002_8133,Rocketship Southside Community Prep,2r/2x Charter,'K-5,467,74.2,Exceeds Expectations,19%,21%
11,8002_8140,Rocketship Transformation Prep,2r/2x Charter,'K-5,258,71,Exceeds Expectations,13%,7%
8,3619_0177,Rogers Street Academy,Traditional Public,'K-8,580,60.2,Meets Expectations,8%,9%
16,3619_0059,Roosevelt Middle,Traditional Public,'6-8,308,55.6,Meets Few Expectations,4%,0%
8,0000_2750,Saint Adalbert Catholic School,Private,'K-8,389,81,Exceeds Expectations,17%,14%
8,0000_3100,Saint Anthony School,Private,'K-12,1428,54.6,Meets Few Expectations,12%,11%
8,0000_1745,Saint Augustine Preparatory Academy Inc,Private,'K-12,1460,87,Significantly Exceeds Expectations,30%,24%
17,0000_3410,Saint Catherine School,Private,'K-8,133,56.9,Meets Few Expectations,6%,4%
20,0000_3455,Saint Charles Borromeo Catholic School,Private,'K-8,134,86,Significantly Exceeds Expectations,59%,49%
18,0000_3580,Saint Coletta Day School of Milwaukee,Private,'NA,NA,NA,NA,NA,NA
7,0000_3935,Saint Gregory the Great Parish School,Private,'K-8,155,88.2,Significantly Exceeds Expectations,49%,33%
19,0000_4210,Saint Joan Antida High,Private,'9-12,192,62.3,Meets Expectations,10%,3%
8,0000_2850,Saint John Paul II School,Private,'K-8,159,72.5,Exceeds Expectations,17%,8%
84,0000_4655,Saint Johns Evangelical Lutheran School,Private,'K-8,245,92.4,Significantly Exceeds Expectations,44%,58%
8,0000_4950,Saint Josaphat Parish School,Private,'K-8,180,56.3,Meets Few Expectations,21%,15%
9,0000_8224,Saint Joseph Academy,Private,'K-8,440,55.2,Meets Few Expectations,7%,6%
19,0000_5640,Saint Lucas Lutheran School,Private,'K-8,128,70,Exceeds Expectations,51%,44%
16,0000_5710,Saint Marcus Lutheran School,Private,'K-8,865,88.2,Significantly Exceeds Expectations,23%,24%
12,0000_5720,Saint Margaret Mary Grade School,Private,'K-8,131,59.8,Meets Expectations,9%,5%
8,0000_5830,Saint Martini Lutheran Grade School,Private,'K-8,162,75.9,Exceeds Expectations,14%,13%
84,0000_6690,Saint Matthias School,Private,'K-8,112,70.3,Exceeds Expectations,34%,37%
11,0000_7400,Saint Peter Immanuel Lutheran School,Private,'K-8,123,77.4,Exceeds Expectations,26%,6%
10,0000_1302,Saint Philips Lutheran School,Private,'K-8,95,78.2,Exceeds Expectations,26%,27%
9,0000_1200,Saint Rafael the Archangel North & South Campus,Private,'K-8,311,76,Exceeds Expectations,28%,27%
9,0000_7670,Saint Roman Grade School,Private,'K-8,327,91.7,Significantly Exceeds Expectations,36%,32%
18,0000_7720,Saint Sebastian Grade School,Private,'K-8,208,84.4,Significantly Exceeds Expectations,52%,40%
20,0000_7980,Saint Thomas Aquinas Academy,Private,'K-8,143,92,Significantly Exceeds Expectations,62%,66%
7,0000_3160,Saint Vincent Pallotti School,Private,'K-8,149,NA,NR-DATA,30%,13%
7,0000_8075,Salam School,Private,'K-12,813,82.5,Exceeds Expectations,37%,26%
12,0000_8080,Salem Lutheran School,Private,'K-8,168,81.7,Exceeds Expectations,27%,18%
9,8001_8121,Seeds of Health Elementary Program,2r/2x Charter,'K-8,383,59.5,Meets Expectations,13%,17%
16,3619_1074,Shalom High,Partnership,'9-12,120,NA,Alternate Rating - Satisfactory Progress,NA,NA
17,3619_0319,Sherman Elementary,Traditional Public,'K-8,285,52.7,Meets Few Expectations,3%,1%
12,0000_1704,Shining Star Christian Schools,Private,'K-8,493,60.5,Meets Expectations,6%,3%
16,3619_0107,Siefert Elementary,Traditional Public,'K-5,261,61.3,Meets Expectations,3%,1%
16,0000_8217,Siloah Lutheran School,Private,'K-8,51,34.2,Fails to Meet Expectations,2%,0%
8,3619_0442,South Accelerated Academy,Traditional Public,'9-12,23,NA,Alternate Rating - Satisfactory Progress,NA,NA
8,3619_0032,South Division High,Traditional Public,'9-12,840,42.1,Fails to Meet Expectations,1%,1%
10,3619_1086,Southeastern,Partnership,'6-8,5,NA,Alternate Rating - Needs Improvement,NA,NA
16,3619_0312,Starms Discovery,Traditional Public,'K-8,288,63.2,Meets Expectations,3%,1%
16,3619_0149,Starms Early Childhood,Traditional Public,'K-5,NA,NA,NA,NA,NA
8,8136_8136,Stellar Collegiate Charter School,2r/2x Charter,'K-5,260,59.6,Meets Expectations,9%,24%
18,3619_0343,Story Elementary,Traditional Public,'K-8,399,56.2,Meets Few Expectations,5%,1%
11,3619_0344,Stuart Elementary,Traditional Public,'K-5,262,53.5,Meets Few Expectations,12%,14%
19,0000_1048,Tamarack Waldorf School Community School of Milwaukee Inc,Private,'K-8,165,NA,NR-DATA,28%,11%
19,8001_8115,Tenor High,2r/2x Charter,'9-12,521,64.6,Meets Expectations,14%,10%
11,3619_0360,Thoreau Elementary,Traditional Public,'K-8,339,56,Meets Few Expectations,7%,3%
11,3619_0154,Thurston Woods Elementary,Traditional Public,'K-8,393,55.3,Meets Few Expectations,3%,2%
10,0000_8379,Torah Academy of Milwaukee,Private,'9-12,6,NA,NR-DATA,NA,NA
18,3619_0365,Townsend Street Elementary,Traditional Public,'K-8,300,55.6,Meets Few Expectations,1%,NA
9,0000_1631,TransCenter for Youth/El Puente High,Private,'9-12,92,NA,NR-DATA,12%,0%
18,3619_0433,Transition High,Traditional Public,'9-12,101,NA,Alternate Rating - Needs Improvement,NA,NA
19,3619_0368,Trowbridge Street School of Great Lakes Studies,Traditional Public,'K-8,200,61.9,Meets Expectations,19%,12%
8,8137_8137,United Community Center Acosta Middle School,2r/2x Charter,'6-8,209,71.6,Exceeds Expectations,20%,24%
9,8001_8124,Veritas High,2r/2x Charter,'9-12,251,64.3,Meets Expectations,15%,14%
7,0000_1253,Victory Christian Academy,Private,'6-12,143,58,Meets Expectations,17%,7%
20,3619_0387,Victory Elementary,Traditional Public,'K-8,485,70.6,Exceeds Expectations,17%,11%
8,3619_0390,Vieau Elementary,Traditional Public,'K-8,653,59.2,Meets Expectations,18%,14%
12,3619_0448,Vincent Accelerated Academy,Traditional Public,'9-12,26,NA,Alternate Rating - Satisfactory Progress,NA,NA
12,3619_0033,Vincent High,Traditional Public,'9-12,725,39.8,Fails to Meet Expectations,2%,2%
84,3619_0204,Wedgewood Park School,Traditional Public,'6-8,754,63.7,Meets Expectations,20%,12%
18,0000_1627,Wells Street Academy,Private,'NA,NA,NA,NA,NA,NA
18,3619_0130,Westside Academy,Traditional Public,'K-5,173,17.9,Fails to Meet Expectations,2%,NA
84,3619_0397,Whitman Elementary,Traditional Public,'K-8,323,64.7,Meets Expectations,20%,14%
20,3619_0398,Whittier Elementary,Instrumentality Charter,'K-5,152,80.9,Exceeds Expectations,45%,50%
18,3619_0424,WHS Information Technology,Traditional Public,'9-12,500,12.9,Fails to Meet Expectations,0%,NA
16,3619_0399,Wisconsin Conservatory of Lifelong Learning,Traditional Public,'K-12,376,33.6,Fails to Meet Expectations,1%,NA
7,0000_8720,Wisconsin Lutheran High,Private,'9-12,522,68.7,Meets Expectations,40%,37%
18,8113_8728,Woodlands School,2r/2x Charter,'K-8,353,79.9,Exceeds Expectations,45%,30%
18,8132_0100,Woodlands School - State Street Campus,2r/2x Charter,'K-8,254,55.1,Meets Few Expectations,15%,19%
9,0000_0320,Word of Life Lutheran School,Private,'K-8,63,75.2,Exceeds Expectations,32%,21%
17,0000_8740,Yeshiva Elementary,Private,'K-8,193,76.3,Exceeds Expectations,46%,30%
9,3619_0295,Zablocki Elementary,Traditional Public,'K-5,285,57.7,Meets Few Expectations,12%,16%
